Calculator,Parameter,Prior
HEART,heart_history,"slightly_suspicious 0.45, moderately_suspicious 0.35, highly_suspicious 0.2"
HEART,heart_ecg,"normal 0.6, nonspecific_repolarization 0.3, significant_st_deviation 0.1"
HEART,age,"Normal(58, 15) truncated to [18, 100]"
HEART,hypertension,P(yes) = 0.4
HEART,hypercholesterolemia,P(yes) = 0.3
HEART,diabetes,P(yes) = 0.2
HEART,obesity,P(yes) = 0.25
HEART,smoking,P(yes) = 0.25
HEART,family_history_cad,P(yes) = 0.2
HEART,atherosclerotic_disease,P(yes) = 0.2
HEART,heart_troponin,"le_normal 0.75, 1_to_3x_normal 0.15, gt_3x_normal 0.1"
CURB-65,confusion,P(yes) = 0.15
CURB-65,urea,"Normal(7, 3.5) truncated to [1.5, 40]"
CURB-65,resp_rate,"Normal(22, 6) truncated to [8, 50]"
CURB-65,sbp,"Normal(125, 25) truncated to [60, 220]"
CURB-65,dbp,"Normal(72, 14) truncated to [30, 130]"
CURB-65,age,"Normal(65, 17) truncated to [18, 100]"
qSOFA,resp_rate,"Normal(21, 5) truncated to [8, 50]"
qSOFA,altered_mentation,P(yes) = 0.2
qSOFA,sbp,"Normal(118, 24) truncated to [60, 220]"
PERC,age,"Normal(38, 12) truncated to [18, 90]"
PERC,heart_rate,"Normal(88, 15) truncated to [45, 160]"
PERC,spo2,"Normal(97, 2) truncated to [85, 100]"
PERC,unilateral_leg_swelling,P(yes) = 0.05
PERC,hemoptysis,P(yes) = 0.03
PERC,recent_surgery_trauma,P(yes) = 0.05
PERC,prior_vte,P(yes) = 0.05
PERC,hormone_use,P(yes) = 0.12
Wells PE,dvt_signs,P(yes) = 0.12
Wells PE,pe_most_likely,P(yes) = 0.3
Wells PE,heart_rate,"Normal(95, 18) truncated to [45, 170]"
Wells PE,immobilization_or_surgery,P(yes) = 0.12
Wells PE,prior_vte,P(yes) = 0.12
Wells PE,hemoptysis,P(yes) = 0.05
Wells PE,malignancy,P(yes) = 0.1
Cockcroft-Gault,age,"Normal(60, 17) truncated to [18, 100]"
Cockcroft-Gault,weight,"Normal(75, 17) truncated to [35, 180]"
Cockcroft-Gault,creatinine,"Normal(1.3, 0.8) truncated to [0.4, 8]"
Cockcroft-Gault,sex,"male 0.5, female 0.5"
