Missingness,System,Accuracy (natural share),Questions/case (natural share),Undetermined share
0.1,S1 Ask-all,0.999,0.642,0.252
0.1,S3-bin (missing=normal),0.964,0.089,0.252
0.1,S3 Bounds,0.999,0.326,0.252
0.1,S4 Bounds+VOI+echo,0.999,0.316,0.252
0.3,S1 Ask-all,0.997,1.925,0.61
0.3,S3-bin (missing=normal),0.899,0.282,0.61
0.3,S3 Bounds,0.997,1.144,0.61
0.3,S4 Bounds+VOI+echo,0.997,1.082,0.61
0.5,S1 Ask-all,0.994,3.289,0.824
0.5,S3-bin (missing=normal),0.824,0.483,0.824
0.5,S3 Bounds,0.994,2.159,0.824
0.5,S4 Bounds+VOI+echo,0.994,1.979,0.824
