Condition,System,"Accuracy, % (95% CI)","Correct if answered, %","Under-triage, % (95% CI)","Over-triage, %","Premature, %",Questions/case
clean / ideal,S1,99.1 (97.9–99.6),99.3,0.2 (0.0–1.0),0.7,0.0,1.71 (1.60–1.81)
clean / ideal,S2,99.6 (98.7–99.9),99.8,0.2 (0.0–1.0),0.2,0.2,0.92 (0.82–1.01)
clean / ideal,S3,99.1 (97.9–99.6),99.3,0.2 (0.0–1.0),0.7,0.0,0.85 (0.75–0.94)
clean / ideal,S4,99.6 (98.7–99.9),99.8,0.2 (0.0–1.0),0.2,0.0,0.82 (0.73–0.91)
clean / ideal,S3-bin,91.4 (88.8–93.5),91.4,8.2 (6.2–10.8),0.4,37.0,0.20 (0.16–0.24)
clean / noisy,S1,88.2 (85.3–90.6),97.6,0.5 (0.2–1.6),8.8,0.0,1.71 (1.60–1.81)
clean / noisy,S2,84.4 (81.2–87.2),97.7,0.5 (0.2–1.6),13.1,1.8,0.95 (0.84–1.05)
clean / noisy,S3,88.2 (85.3–90.6),97.6,0.5 (0.2–1.6),8.8,0.0,0.88 (0.77–0.97)
clean / noisy,S4,88.7 (85.8–91.1),98.0,0.5 (0.2–1.6),8.2,0.0,0.86 (0.76–0.96)
clean / noisy,S3-bin,88.7 (85.8–91.1),91.2,8.2 (6.2–10.8),2.5,36.0,0.20 (0.16–0.25)
messy / ideal,S1,98.6 (97.2–99.3),98.7,0.5 (0.2–1.6),0.9,0.0,1.92 (1.80–2.04)
messy / ideal,S2,99.8 (99.0–100.0),100.0,0.0 (0.0–0.7),0.2,0.7,0.92 (0.82–1.01)
messy / ideal,S3,98.6 (97.2–99.3),98.7,0.5 (0.2–1.6),0.9,0.0,1.04 (0.94–1.15)
messy / ideal,S4,99.1 (97.9–99.6),99.3,0.5 (0.2–1.6),0.4,0.0,1.04 (0.94–1.15)
messy / ideal,S3-bin,90.7 (88.0–92.8),90.7,8.8 (6.7–11.4),0.5,39.4,0.30 (0.23–0.36)
messy / noisy,S1,85.5 (82.3–88.2),96.8,0.5 (0.2–1.6),11.1,0.0,1.92 (1.80–2.04)
messy / noisy,S2,85.0 (81.8–87.7),97.3,1.1 (0.5–2.3),12.0,3.4,0.97 (0.87–1.08)
messy / noisy,S3,85.5 (82.3–88.2),96.8,0.5 (0.2–1.6),11.1,0.0,1.08 (0.97–1.20)
messy / noisy,S4,85.9 (82.7–88.5),97.4,0.5 (0.2–1.6),10.7,0.0,1.11 (1.00–1.23)
messy / noisy,S3-bin,86.8 (83.7–89.3),90.3,8.6 (6.5–11.2),3.8,38.3,0.31 (0.25–0.38)
