Condition,Comparison,"Accuracy A vs B, %",Discordant (A only / B only),McNemar p (Holm),Questions A vs B,Wilcoxon p (Holm)
"Haiku, clean notes, ideal clinician",S3 Bounds vs S1 Ask-all,99.1 vs 99.1,0 / 0,1.000,0.85 vs 1.71,<0.001
"Haiku, clean notes, ideal clinician",S3 Bounds vs S2 Agent,99.1 vs 99.6,1 / 4,0.750,0.85 vs 0.92,0.002
"Haiku, clean notes, ideal clinician",S3 Bounds vs S3-bin Missing = normal,99.1 vs 91.4,45 / 2,<0.001,0.85 vs 0.20,<0.001
"Haiku, clean notes, ideal clinician",S4 Bounds + checks vs S3 Bounds,99.6 vs 99.1,3 / 0,0.750,0.82 vs 0.85,0.023
"Haiku, clean notes, noisy clinician",S3 Bounds vs S1 Ask-all,88.2 vs 88.2,0 / 0,1.000,0.88 vs 1.71,<0.001
"Haiku, clean notes, noisy clinician",S3 Bounds vs S2 Agent,88.2 vs 84.4,34 / 13,0.012,0.88 vs 0.95,<0.001
"Haiku, clean notes, noisy clinician",S3 Bounds vs S3-bin Missing = normal,88.2 vs 88.7,31 / 34,1.000,0.88 vs 0.20,<0.001
"Haiku, clean notes, noisy clinician",S4 Bounds + checks vs S3 Bounds,88.7 vs 88.2,3 / 0,0.750,0.86 vs 0.88,0.342
"Haiku, messy notes, ideal clinician",S3 Bounds vs S1 Ask-all,98.6 vs 98.6,0 / 0,1.000,1.04 vs 1.92,<0.001
"Haiku, messy notes, ideal clinician",S3 Bounds vs S2 Agent,98.6 vs 99.8,0 / 7,0.047,1.04 vs 0.92,0.002
"Haiku, messy notes, ideal clinician",S3 Bounds vs S3-bin Missing = normal,98.6 vs 90.7,46 / 2,<0.001,1.04 vs 0.30,<0.001
"Haiku, messy notes, ideal clinician",S4 Bounds + checks vs S3 Bounds,99.1 vs 98.6,3 / 0,0.500,1.04 vs 1.04,0.933
"Haiku, messy notes, noisy clinician",S3 Bounds vs S1 Ask-all,85.5 vs 85.5,0 / 0,1.000,1.08 vs 1.92,<0.001
"Haiku, messy notes, noisy clinician",S3 Bounds vs S2 Agent,85.5 vs 85.0,30 / 27,1.000,1.08 vs 0.97,0.032
"Haiku, messy notes, noisy clinician",S3 Bounds vs S3-bin Missing = normal,85.5 vs 86.8,33 / 40,1.000,1.08 vs 0.31,<0.001
"Haiku, messy notes, noisy clinician",S4 Bounds + checks vs S3 Bounds,85.9 vs 85.5,3 / 1,1.000,1.11 vs 1.08,0.048
"Qwen, clean notes, ideal clinician",S3 Bounds vs S1 Ask-all,99.8 vs 99.8,0 / 0,1.000,1.17 vs 2.15,<0.001
"Qwen, clean notes, ideal clinician",S3 Bounds vs S2 Agent,99.8 vs 99.6,1 / 0,1.000,1.17 vs 0.92,<0.001
"Qwen, clean notes, ideal clinician",S3 Bounds vs S3-bin Missing = normal,99.8 vs 91.6,47 / 1,<0.001,1.17 vs 0.25,<0.001
"Qwen, clean notes, ideal clinician",S4 Bounds + checks vs S3 Bounds,99.8 vs 99.8,0 / 0,1.000,1.14 vs 1.17,0.033
"Qwen, clean notes, noisy clinician",S3 Bounds vs S1 Ask-all,84.4 vs 84.4,0 / 0,1.000,1.21 vs 2.15,<0.001
"Qwen, clean notes, noisy clinician",S3 Bounds vs S2 Agent,84.4 vs 84.4,32 / 32,1.000,1.21 vs 0.95,<0.001
"Qwen, clean notes, noisy clinician",S3 Bounds vs S3-bin Missing = normal,84.4 vs 87.8,34 / 53,0.212,1.21 vs 0.26,<0.001
"Qwen, clean notes, noisy clinician",S4 Bounds + checks vs S3 Bounds,84.4 vs 84.4,0 / 0,1.000,1.20 vs 1.21,0.960
"Qwen, messy notes, ideal clinician",S3 Bounds vs S1 Ask-all,99.5 vs 99.5,0 / 0,1.000,1.17 vs 2.15,<0.001
"Qwen, messy notes, ideal clinician",S3 Bounds vs S2 Agent,99.5 vs 99.8,0 / 2,1.000,1.17 vs 0.92,<0.001
"Qwen, messy notes, ideal clinician",S3 Bounds vs S3-bin Missing = normal,99.5 vs 90.0,54 / 1,<0.001,1.17 vs 0.23,<0.001
"Qwen, messy notes, ideal clinician",S4 Bounds + checks vs S3 Bounds,99.6 vs 99.5,1 / 0,1.000,1.22 vs 1.17,0.006
"Qwen, messy notes, noisy clinician",S3 Bounds vs S1 Ask-all,84.3 vs 84.3,0 / 0,1.000,1.21 vs 2.15,<0.001
"Qwen, messy notes, noisy clinician",S3 Bounds vs S2 Agent,84.3 vs 85.0,31 / 35,1.000,1.21 vs 0.97,<0.001
"Qwen, messy notes, noisy clinician",S3 Bounds vs S3-bin Missing = normal,84.3 vs 86.6,42 / 55,0.892,1.21 vs 0.24,<0.001
"Qwen, messy notes, noisy clinician",S4 Bounds + checks vs S3 Bounds,84.3 vs 84.3,2 / 2,1.000,1.29 vs 1.21,<0.001
