Condition,System,n,"Accuracy, % (95% CI)","Correct when answering, %","Under-triage, % (95% CI)","Over-triage, %","Premature commitment, %",Questions/case (95% CI),"Irrelevant questions, %"
"Haiku, clean notes, ideal clinician",S1 Ask-all,559,99.1 (97.9–99.6),99.3,0.2 (0.0–1.0),0.7,0.0,1.71 (1.60–1.81),50.0
"Haiku, clean notes, ideal clinician",S2 Agent,559,99.6 (98.7–99.9),99.8,0.2 (0.0–1.0),0.2,0.2,0.92 (0.82–1.01),10.1
"Haiku, clean notes, ideal clinician",S3 Bounds,559,99.1 (97.9–99.6),99.3,0.2 (0.0–1.0),0.7,0.0,0.85 (0.75–0.94),0.0
"Haiku, clean notes, ideal clinician",S4 Bounds + checks,559,99.6 (98.7–99.9),99.8,0.2 (0.0–1.0),0.2,0.0,0.82 (0.73–0.91),0.0
"Haiku, clean notes, ideal clinician",S3-bin Missing = normal,559,91.4 (88.8–93.5),91.4,8.2 (6.2–10.8),0.4,37.0,0.20 (0.16–0.24),0.0
"Haiku, clean notes, noisy clinician",S1 Ask-all,559,88.2 (85.3–90.6),97.6,0.5 (0.2–1.6),8.8,0.0,1.71 (1.60–1.81),48.6
"Haiku, clean notes, noisy clinician",S2 Agent,559,84.4 (81.2–87.2),97.7,0.5 (0.2–1.6),13.1,1.8,0.95 (0.84–1.05),8.5
"Haiku, clean notes, noisy clinician",S3 Bounds,559,88.2 (85.3–90.6),97.6,0.5 (0.2–1.6),8.8,0.0,0.88 (0.77–0.97),0.0
"Haiku, clean notes, noisy clinician",S4 Bounds + checks,559,88.7 (85.8–91.1),98.0,0.5 (0.2–1.6),8.2,0.0,0.86 (0.76–0.96),0.0
"Haiku, clean notes, noisy clinician",S3-bin Missing = normal,559,88.7 (85.8–91.1),91.2,8.2 (6.2–10.8),2.5,36.0,0.20 (0.16–0.25),0.0
"Haiku, messy notes, ideal clinician",S1 Ask-all,559,98.6 (97.2–99.3),98.7,0.5 (0.2–1.6),0.9,0.0,1.92 (1.80–2.04),45.6
"Haiku, messy notes, ideal clinician",S2 Agent,559,99.8 (99.0–100.0),100.0,0.0 (0.0–0.7),0.2,0.7,0.92 (0.82–1.01),10.7
"Haiku, messy notes, ideal clinician",S3 Bounds,559,98.6 (97.2–99.3),98.7,0.5 (0.2–1.6),0.9,0.0,1.04 (0.94–1.15),0.0
"Haiku, messy notes, ideal clinician",S4 Bounds + checks,559,99.1 (97.9–99.6),99.3,0.5 (0.2–1.6),0.4,0.0,1.04 (0.94–1.15),0.0
"Haiku, messy notes, ideal clinician",S3-bin Missing = normal,559,90.7 (88.0–92.8),90.7,8.8 (6.7–11.4),0.5,39.4,0.30 (0.23–0.36),0.0
"Haiku, messy notes, noisy clinician",S1 Ask-all,559,85.5 (82.3–88.2),96.8,0.5 (0.2–1.6),11.1,0.0,1.92 (1.80–2.04),43.6
"Haiku, messy notes, noisy clinician",S2 Agent,559,85.0 (81.8–87.7),97.3,1.1 (0.5–2.3),12.0,3.4,0.97 (0.87–1.08),10.1
"Haiku, messy notes, noisy clinician",S3 Bounds,559,85.5 (82.3–88.2),96.8,0.5 (0.2–1.6),11.1,0.0,1.08 (0.97–1.20),0.0
"Haiku, messy notes, noisy clinician",S4 Bounds + checks,559,85.9 (82.7–88.5),97.4,0.5 (0.2–1.6),10.7,0.0,1.11 (1.00–1.23),0.0
"Haiku, messy notes, noisy clinician",S3-bin Missing = normal,559,86.8 (83.7–89.3),90.3,8.6 (6.5–11.2),3.8,38.3,0.31 (0.25–0.38),0.0
"Qwen, clean notes, ideal clinician",S1 Ask-all,559,99.8 (99.0–100.0),100.0,0.0 (0.0–0.7),0.2,0.0,2.15 (2.04–2.27),45.5
"Qwen, clean notes, ideal clinician",S2 Agent,559,99.6 (98.7–99.9),99.8,0.2 (0.0–1.0),0.2,0.2,0.92 (0.82–1.01),10.1
"Qwen, clean notes, ideal clinician",S3 Bounds,559,99.8 (99.0–100.0),100.0,0.0 (0.0–0.7),0.2,0.0,1.17 (1.06–1.28),0.0
"Qwen, clean notes, ideal clinician",S4 Bounds + checks,559,99.8 (99.0–100.0),100.0,0.0 (0.0–0.7),0.2,0.0,1.14 (1.04–1.25),0.0
"Qwen, clean notes, ideal clinician",S3-bin Missing = normal,559,91.6 (89.0–93.6),91.6,8.4 (6.4–11.0),0.0,46.5,0.25 (0.21–0.30),0.0
"Qwen, clean notes, noisy clinician",S1 Ask-all,559,84.4 (81.2–87.2),97.7,0.5 (0.2–1.6),12.7,0.0,2.15 (2.04–2.27),44.0
"Qwen, clean notes, noisy clinician",S2 Agent,559,84.4 (81.2–87.2),97.7,0.5 (0.2–1.6),13.1,1.8,0.95 (0.84–1.05),8.5
"Qwen, clean notes, noisy clinician",S3 Bounds,559,84.4 (81.2–87.2),97.7,0.5 (0.2–1.6),12.7,0.0,1.21 (1.09–1.32),0.0
"Qwen, clean notes, noisy clinician",S4 Bounds + checks,559,84.4 (81.2–87.2),97.7,0.5 (0.2–1.6),12.7,0.0,1.20 (1.09–1.31),0.0
"Qwen, clean notes, noisy clinician",S3-bin Missing = normal,559,87.8 (84.9–90.3),91.1,8.6 (6.5–11.2),3.0,45.3,0.26 (0.22–0.31),0.0
"Qwen, messy notes, ideal clinician",S1 Ask-all,559,99.5 (98.4–99.8),99.6,0.2 (0.0–1.0),0.4,0.0,2.15 (2.03–2.28),45.7
"Qwen, messy notes, ideal clinician",S2 Agent,559,99.8 (99.0–100.0),100.0,0.0 (0.0–0.7),0.2,0.7,0.92 (0.82–1.01),10.7
"Qwen, messy notes, ideal clinician",S3 Bounds,559,99.5 (98.4–99.8),99.6,0.2 (0.0–1.0),0.4,0.0,1.17 (1.06–1.28),0.0
"Qwen, messy notes, ideal clinician",S4 Bounds + checks,559,99.6 (98.7–99.9),99.8,0.0 (0.0–0.7),0.4,0.0,1.22 (1.10–1.33),0.0
"Qwen, messy notes, ideal clinician",S3-bin Missing = normal,559,90.0 (87.2–92.2),90.0,9.8 (7.6–12.6),0.2,47.6,0.23 (0.18–0.27),0.0
"Qwen, messy notes, noisy clinician",S1 Ask-all,559,84.3 (81.0–87.0),97.5,0.4 (0.1–1.3),12.7,0.0,2.15 (2.03–2.28),43.7
"Qwen, messy notes, noisy clinician",S2 Agent,559,85.0 (81.8–87.7),97.3,1.1 (0.5–2.3),12.0,3.4,0.97 (0.87–1.08),10.1
"Qwen, messy notes, noisy clinician",S3 Bounds,559,84.3 (81.0–87.0),97.5,0.4 (0.1–1.3),12.7,0.0,1.21 (1.09–1.33),0.0
"Qwen, messy notes, noisy clinician",S4 Bounds + checks,559,84.3 (81.0–87.0),97.1,0.5 (0.2–1.6),12.7,0.0,1.29 (1.17–1.41),0.0
"Qwen, messy notes, noisy clinician",S3-bin Missing = normal,559,86.6 (83.5–89.2),89.3,10.2 (8.0–13.0),2.7,46.7,0.24 (0.19–0.28),0.0
